{"pca": false, "random_state": 42, "num_splits": 3, "test_size": 0.25, "mean_score_": 0.9605016562064156, "std_score_": 0.006544609288824827}