{
    "num_partitions": 1,
    "random_state": 42,
    "num_trials": 10,
    "fit_time": 381.2474811077118,
    "score": 0.9100723952526778
}