{
    "num_partitions": 1,
    "random_state": 42,
    "num_trials": 10,
    "fit_time": 322.84878420829773,
    "score": 0.9317546652776519
}