{
    "num_partitions": 1,
    "random_state": 42,
    "num_trials": 10,
    "fit_time": 244.7377336025238,
    "score": 0.9005766685845801
}