{"pca": false, "random_state": 42, "num_splits": 3, "test_size": 0.25, "mean_score_": 0.9792865086669735, "std_score_": 0.007126760221113939}