{"pca": false, "random_state": 42, "num_splits": 3, "test_size": 0.25, "mean_score_": 0.9608350586611456, "std_score_": 0.05079262959326538}