{
    "num_partitions": 1,
    "random_state": 42,
    "num_trials": 10,
    "fit_time": 591.4456706047058,
    "score": 0.884663503649635
}