{
    "num_partitions": 1,
    "random_state": 42,
    "num_trials": 10,
    "fit_time": 405.939040184021,
    "score": 0.8553054571626142
}