{"pca": false, "random_state": 42, "num_splits": 3, "test_size": 0.25, "mean_score_": 0.9730848861283644, "std_score_": 0.03506179622834889}