{
    "num_partitions": 1,
    "random_state": 42,
    "num_trials": 10,
    "fit_time": 424.3521502017975,
    "score": 0.9159073962285845
}