{"pca": false, "random_state": 42, "num_splits": 3, "test_size": 0.25, "mean_score_": 0.9646051181219649, "std_score_": 0.00804550936564693}