{
    "num_partitions": 1,
    "random_state": 42,
    "num_trials": 10,
    "fit_time": 527.0812947750092,
    "score": 0.8681320760456274
}