{
    "num_partitions": 1,
    "random_state": 42,
    "num_trials": 10,
    "fit_time": 405.8889055252075,
    "score": 0.9762495833333332
}