{
    "num_partitions": 1,
    "random_state": 42,
    "num_trials": 10,
    "fit_time": 508.29626059532166,
    "score": 0.954299725329939
}