{
    "num_partitions": 1,
    "random_state": 42,
    "num_trials": 10,
    "fit_time": 362.9552035331726,
    "score": 0.915657453643332
}