{
    "num_partitions": 1,
    "random_state": 42,
    "num_trials": 10,
    "fit_time": 601.2471761703491,
    "score": 0.8320923733791818
}