{
    "num_partitions": 1,
    "random_state": 42,
    "num_trials": 10,
    "fit_time": 329.7480671405792,
    "score": 0.9318954990842492
}