{
    "num_partitions": 1,
    "random_state": 42,
    "num_trials": 10,
    "fit_time": 306.00764060020447,
    "score": 0.9556898039215687
}