{
    "num_partitions": 1,
    "random_state": 42,
    "num_trials": 10,
    "fit_time": 205.2672884464264,
    "score": 0.8490581021897811
}