{
    "num_partitions": 1,
    "random_state": 42,
    "num_trials": 10,
    "fit_time": 394.58863592147827,
    "score": 0.8717830221685061
}