{"pca": false, "random_state": 42, "num_splits": 3, "test_size": 0.25, "mean_score_": 0.9613163908849188, "std_score_": 0.0069702478329994755}