{
    "num_partitions": 1,
    "random_state": 42,
    "num_trials": 10,
    "fit_time": 346.4550201892853,
    "score": 0.8654988501782224
}