{
    "num_partitions": 1,
    "random_state": 42,
    "num_trials": 10,
    "fit_time": 271.83269810676575,
    "score": 0.941664506970849
}