{
    "num_partitions": 1,
    "random_state": 42,
    "num_trials": 10,
    "fit_time": 427.41923213005066,
    "score": 0.8133998906332767
}