{"pca": false, "random_state": 42, "num_splits": 3, "test_size": 0.25, "mean_score_": 0.9759610473896189, "std_score_": 0.0037302988330449992}