{
    "num_partitions": 1,
    "random_state": 42,
    "num_trials": 10,
    "fit_time": 420.80569100379944,
    "score": 0.8747404278769212
}