antiinfective,antiinflammatory,antineoplastic,cardio,cns,dermatologic,gastrointestinal,hematologic,lipidregulating,reproductivecontrol,respiratorysystem,urological
0.33895542425465774,0.15130936890600427,0.567600028570521,0.63792251940001,0.1798792367830181,0.13636431340670127,0.141285812022078,0.4119711911596062,0.7461695616647855,0.09095804192559287,0.2859609426906419,0.10705035717139841
0.2220265937634689,0.42428699881399246,0.21659342613059096,0.6411111598158299,0.6821372800254313,0.251609030471145,0.19291626059294276,0.2830888207423692,0.13889465014726604,0.0321070063608536,0.5729479988676554,0.3373145755232972
0.282921626824605,0.29064565068210424,0.24478344346986458,0.689546411172538,0.2141071402639138,0.21870319516226913,0.3915832037555673,0.4673905046394189,0.3433524771159512,0.0420717360433434,0.3447219945530423,0.08156878760444397
