{"pca": false, "random_state": 42, "num_splits": 3, "test_size": 0.25, "mean_score_": 0.9592855796925894, "std_score_": 0.018054609827684965}