{"pca": false, "random_state": 42, "num_splits": 3, "test_size": 0.25, "mean_score_": 0.9800256523013781, "std_score_": 0.0009833664130930555}