{
    "num_partitions": 1,
    "random_state": 42,
    "num_trials": 10,
    "fit_time": 384.330162525177,
    "score": 0.9087742986091923
}