{"pca": false, "random_state": 42, "num_splits": 3, "test_size": 0.25, "mean_score_": 0.9727699643967586, "std_score_": 0.001958524334746369}