{
    "num_partitions": 1,
    "random_state": 42,
    "num_trials": 10,
    "fit_time": 403.5701849460602,
    "score": 0.8760199771062271
}