{
    "num_partitions": 1,
    "random_state": 42,
    "num_trials": 10,
    "fit_time": 325.2968578338623,
    "score": 0.9069224894486501
}