{"pca": false, "random_state": 42, "num_splits": 3, "test_size": 0.25, "mean_score_": 0.926686137071651, "std_score_": 0.03803061138664145}